round,driver,lap,duration
1,Verstappen,23,2.46
1,Hamilton,23,2.69
1,Norris,22,2.15
1,Perez,20,2.44
1,Russell,23,2.01
1,Sainz,31,2.16
1,Alonso,21,2.15
1,Gasly,41,2.71
1,Ocon,12,2.85
2,Leclerc,10,2.33
2,Perez,37,2.22
2,Alonso,43,2.14
2,Gasly,39,2.92
2,Ocon,29,2.23
3,Norris,28,2.13
3,Perez,32,2.18
3,Russell,15,2.29
3,Sainz,32,2.66
3,Alonso,32,2.04
3,Ocon,44,2.85
4,Verstappen,23,2.41
4,Hamilton,39,2.72
4,Norris,19,2.89
4,Russell,13,2.13
4,Alonso,40,2.12
4,Gasly,44,2.06
5,Verstappen,13,2.76
5,Leclerc,16,2.56
5,Norris,23,2.67
5,Sainz,11,2.43
5,Alonso,42,2.51
5,Gasly,20,2.62
5,Ocon,36,2.54
6,Hamilton,29,2.47
6,Leclerc,13,2.30
6,Norris,19,2.15
6,Russell,23,2.70
6,Alonso,13,2.11
6,Ocon,41,2.32
7,Verstappen,41,2.56
7,Leclerc,38,2.14
7,Norris,14,2.51
7,Perez,29,2.02
7,Russell,12,2.31
7,Sainz,24,2.56
7,Alonso,11,2.10
7,Gasly,11,2.92
8,Hamilton,40,2.65
8,Norris,28,2.99
8,Perez,34,2.51
8,Sainz,22,2.32
8,Alonso,13,2.41
8,Gasly,27,2.94
8,Ocon,12,2.78
9,Verstappen,32,2.19
9,Hamilton,21,2.75
9,Leclerc,43,2.89
9,Norris,32,2.74
9,Perez,10,2.00
9,Russell,35,2.13
9,Sainz,10,2.17
9,Alonso,13,2.87
9,Gasly,42,2.62
9,Ocon,38,2.09
10,Verstappen,22,2.56
10,Hamilton,40,2.22
10,Leclerc,43,2.43
10,Norris,43,2.71
10,Russell,35,2.90
10,Sainz,21,2.93
10,Alonso,44,2.27
10,Ocon,13,2.51
11,Hamilton,12,2.05
11,Leclerc,19,2.81
11,Norris,10,2.24
11,Perez,24,2.43
11,Alonso,36,2.32
11,Ocon,12,2.73
12,Hamilton,26,2.39
12,Leclerc,29,2.81
12,Russell,42,2.83
12,Sainz,34,2.94
12,Alonso,39,2.26
12,Gasly,32,2.24
12,Ocon,28,2.34
13,Verstappen,44,2.18
13,Leclerc,31,2.18
13,Norris,33,2.43
13,Russell,30,2.28
13,Sainz,28,2.03
13,Gasly,18,2.02
14,Hamilton,30,2.38
14,Norris,18,2.28
14,Perez,15,2.64
14,Russell,26,2.84
14,Alonso,37,2.92
14,Ocon,43,2.67
15,Verstappen,31,2.71
15,Leclerc,20,2.16
15,Norris,25,2.68
15,Perez,26,2.64
15,Russell,14,2.42
15,Sainz,17,2.07
15,Gasly,19,2.86
15,Ocon,35,2.45
16,Verstappen,37,2.93
16,Hamilton,24,2.52
16,Norris,32,2.93
16,Russell,44,2.55
16,Sainz,16,2.62
16,Alonso,10,2.79
16,Gasly,39,2.50
17,Hamilton,25,2.63
17,Perez,21,2.22
17,Sainz,36,2.14
17,Gasly,36,2.31
17,Ocon,15,2.49
18,Leclerc,25,2.40
18,Norris,23,2.34
18,Perez,28,2.38
18,Russell,36,2.85
18,Sainz,34,2.66
18,Alonso,26,2.18
18,Gasly,16,2.76
19,Verstappen,31,2.14
19,Hamilton,23,2.97
19,Leclerc,31,2.72
19,Norris,29,2.27
19,Perez,18,2.20
19,Russell,21,2.73
19,Sainz,44,2.93
20,Verstappen,33,2.79
20,Leclerc,11,2.22
20,Norris,30,2.98
20,Russell,22,2.86
20,Sainz,41,2.03
20,Alonso,35,2.83
20,Ocon,32,2.29
21,Verstappen,26,2.68
21,Hamilton,38,2.66
21,Leclerc,12,2.14
21,Perez,35,2.99
21,Russell,12,2.08
21,Alonso,10,2.74
21,Gasly,41,2.62
21,Ocon,34,2.96
22,Verstappen,40,2.13
22,Hamilton,10,2.34
22,Leclerc,42,2.71
22,Norris,13,2.19
22,Perez,16,2.30
22,Russell,25,2.01
22,Sainz,30,2.55
22,Gasly,13,2.36
22,Ocon,32,2.57
23,Verstappen,42,2.31
23,Hamilton,13,2.48
23,Leclerc,17,2.33
23,Norris,10,2.57
23,Perez,32,2.52
23,Russell,29,2.67
23,Sainz,42,2.12
23,Gasly,16,2.57
23,Ocon,11,2.92
