round,raceName,circuit,date
1,Grand Prix 1,Circuit 1,2023-03-05
2,Grand Prix 2,Circuit 2,2023-03-12
3,Grand Prix 3,Circuit 3,2023-03-19
4,Grand Prix 4,Circuit 4,2023-03-26
5,Grand Prix 5,Circuit 5,2023-04-02
6,Grand Prix 6,Circuit 6,2023-04-09
7,Grand Prix 7,Circuit 7,2023-04-16
8,Grand Prix 8,Circuit 8,2023-04-23
9,Grand Prix 9,Circuit 9,2023-04-30
10,Grand Prix 10,Circuit 10,2023-05-07
11,Grand Prix 11,Circuit 11,2023-05-14
12,Grand Prix 12,Circuit 12,2023-05-21
13,Grand Prix 13,Circuit 13,2023-05-28
14,Grand Prix 14,Circuit 14,2023-06-04
15,Grand Prix 15,Circuit 15,2023-06-11
16,Grand Prix 16,Circuit 16,2023-06-18
17,Grand Prix 17,Circuit 17,2023-06-25
18,Grand Prix 18,Circuit 18,2023-07-02
19,Grand Prix 19,Circuit 19,2023-07-09
20,Grand Prix 20,Circuit 20,2023-07-16
21,Grand Prix 21,Circuit 21,2023-07-23
22,Grand Prix 22,Circuit 22,2023-07-30
23,Grand Prix 23,Circuit 23,2023-08-06
